Test_id,plot_no,baseline_date,target_date,land_type,scenario
1,14,2024-01-11,2024-04-04,Agriculture Wet Land,Agriculture monitoring
2,23,2024-01-31,2024-03-13,Agriculture Dry Land,Agriculture monitoring
3,25,2023-12-28,2024-03-21,Agriculture Dry Land,Agriculture monitoring
4,21,2023-12-19,2024-03-13,Agriculture Dry Land,Agriculture monitoring
5,16,2024-01-14,2024-03-17,Agriculture Wet Land,Agriculture monitoring
6,14,2024-01-17,2024-02-27,Agriculture Wet Land,Agriculture monitoring
7,18,2024-01-23,2024-04-03,Agriculture Wet Land,Agriculture monitoring
8,23,2024-01-20,2024-03-06,Agriculture Dry Land,Agriculture monitoring
9,17,2024-01-31,2024-02-24,Agriculture Wet Land,Agriculture monitoring
10,19,2024-01-30,2024-03-07,Agriculture Wet Land,Agriculture monitoring
11,31,2024-01-07,2024-02-22,Agriculture Dry Land,Agriculture monitoring
12,26,2024-01-06,2024-03-10,Agriculture Dry Land,Agriculture monitoring
13,3,2024-01-03,2024-03-10,Agriculture Wet Land,Agriculture monitoring
14,39,2024-02-01,2024-03-04,Agriculture Dry Land,Agriculture monitoring
15,26,2024-01-09,2024-02-27,Agriculture Dry Land,Agriculture monitoring
16,14,2024-01-15,2024-03-31,Agriculture Wet Land,Agriculture monitoring
17,15,2024-02-11,2024-03-27,Agriculture Wet Land,Agriculture monitoring
18,3,2024-01-06,2024-02-21,Agriculture Wet Land,Agriculture monitoring
19,30,2024-01-21,2024-03-10,Agriculture Dry Land,Agriculture monitoring
20,9,2024-01-14,2024-03-10,Agriculture Wet Land,Agriculture monitoring
21,21,2023-12-23,2024-03-14,Agriculture Dry Land,Agriculture monitoring
22,29,2024-01-17,2024-03-01,Agriculture Dry Land,Agriculture monitoring
23,5,2024-01-17,2024-03-04,Agriculture Wet Land,Agriculture monitoring
24,2,2024-01-28,2024-03-22,Agriculture Wet Land,Agriculture monitoring
25,29,2024-01-24,2024-03-08,Agriculture Dry Land,Agriculture monitoring
26,31,2024-02-09,2024-03-01,Agriculture Dry Land,Agriculture monitoring
27,19,2024-02-05,2024-03-27,Agriculture Wet Land,Agriculture monitoring
28,13,2024-02-01,2024-03-04,Agriculture Wet Land,Agriculture monitoring
29,34,2024-01-08,2024-03-03,Agriculture Dry Land,Agriculture monitoring
30,32,2024-01-02,2024-03-11,Agriculture Dry Land,Agriculture monitoring
31,11,2024-01-09,2024-03-25,Agriculture Wet Land,Agriculture monitoring
32,6,2024-01-26,2024-03-14,Agriculture Wet Land,Agriculture monitoring
33,12,2024-01-28,2024-03-14,Agriculture Wet Land,Agriculture monitoring
34,13,2024-01-02,2024-03-26,Agriculture Wet Land,Agriculture monitoring
35,37,2024-01-12,2024-02-27,Agriculture Dry Land,Agriculture monitoring
36,17,2024-01-18,2024-03-04,Agriculture Wet Land,Agriculture monitoring
37,8,2024-01-17,2024-04-07,Agriculture Wet Land,Agriculture monitoring
38,39,2024-01-05,2024-02-23,Agriculture Dry Land,Agriculture monitoring
39,30,2024-01-04,2024-03-11,Agriculture Dry Land,Agriculture monitoring
40,17,2024-02-01,2024-03-12,Agriculture Wet Land,Agriculture monitoring
41,25,2024-01-17,2024-03-12,Agriculture Dry Land,Agriculture monitoring
42,21,2024-01-08,2024-02-23,Agriculture Dry Land,Agriculture monitoring
43,35,2024-01-13,2024-03-10,Agriculture Dry Land,Agriculture monitoring
44,27,2024-01-13,2024-03-26,Agriculture Dry Land,Agriculture monitoring
45,23,2024-01-15,2024-02-20,Agriculture Dry Land,Agriculture monitoring
46,16,2024-01-13,2024-03-05,Agriculture Wet Land,Agriculture monitoring
47,10,2024-01-23,2024-03-21,Agriculture Wet Land,Agriculture monitoring
48,32,2024-01-18,2024-02-23,Agriculture Dry Land,Agriculture monitoring
49,8,2024-01-20,2024-03-08,Agriculture Wet Land,Agriculture monitoring
50,19,2023-12-30,2024-04-06,Agriculture Wet Land,Agriculture monitoring
51,14,2023-12-29,2024-03-08,Agriculture Wet Land,Agriculture monitoring
52,35,2024-02-08,2024-04-05,Agriculture Dry Land,Agriculture monitoring
53,7,2023-12-20,2024-03-27,Agriculture Wet Land,Agriculture monitoring
54,32,2024-01-22,2024-03-09,Agriculture Dry Land,Agriculture monitoring
55,6,2024-01-24,2024-02-29,Agriculture Wet Land,Agriculture monitoring
56,26,2024-02-01,2024-04-04,Agriculture Dry Land,Agriculture monitoring
57,3,2024-01-28,2024-03-25,Agriculture Wet Land,Agriculture monitoring
58,34,2024-01-09,2024-03-07,Agriculture Dry Land,Agriculture monitoring
59,21,2024-02-02,2024-03-12,Agriculture Dry Land,Agriculture monitoring
60,38,2024-01-14,2024-03-17,Agriculture Dry Land,Agriculture monitoring
61,4,2024-01-19,2024-03-22,Agriculture Wet Land,Agriculture monitoring
62,4,2024-02-03,2024-03-28,Agriculture Wet Land,Agriculture monitoring
63,3,2024-01-13,2024-03-18,Agriculture Wet Land,Agriculture monitoring
64,39,2024-01-23,2024-02-15,Agriculture Dry Land,Agriculture monitoring
65,17,2024-01-28,2024-03-11,Agriculture Wet Land,Agriculture monitoring
66,1,2024-02-09,2024-04-06,Agriculture Wet Land,Agriculture monitoring
67,37,2024-02-02,2024-03-09,Agriculture Dry Land,Agriculture monitoring
68,39,2024-01-14,2024-03-05,Agriculture Dry Land,Agriculture monitoring
69,29,2024-01-13,2024-03-26,Agriculture Dry Land,Agriculture monitoring
70,3,2024-01-11,2024-04-02,Agriculture Wet Land,Agriculture monitoring
71,18,2024-02-04,2024-03-28,Agriculture Wet Land,Agriculture monitoring
72,36,2024-01-08,2024-03-16,Agriculture Dry Land,Agriculture monitoring
73,5,2024-01-22,2024-03-03,Agriculture Wet Land,Agriculture monitoring
74,10,2024-01-15,2024-02-27,Agriculture Wet Land,Agriculture monitoring
75,5,2024-01-01,2024-03-03,Agriculture Wet Land,Agriculture monitoring
76,33,2024-01-20,2024-03-26,Agriculture Dry Land,Agriculture monitoring
77,13,2023-12-21,2024-03-08,Agriculture Wet Land,Agriculture monitoring
78,37,2024-01-06,2024-03-08,Agriculture Dry Land,Agriculture monitoring
79,35,2024-01-28,2024-03-08,Agriculture Dry Land,Agriculture monitoring
80,6,2024-01-01,2024-03-15,Agriculture Wet Land,Agriculture monitoring
81,46,2024-02-02,2024-03-19,Urban Area,Urban development
82,58,2024-01-11,2024-04-19,Urban Area,Urban development
83,53,2024-01-14,2024-04-18,Urban Area,Urban development
84,55,2023-12-30,2024-04-26,Urban Area,Urban development
85,50,2024-01-28,2024-04-13,Urban Area,Urban development
86,60,2024-01-23,2024-04-06,Urban Area,Urban development
87,43,2024-01-11,2024-04-03,Urban Area,Urban development
88,55,2024-01-14,2024-04-21,Urban Area,Urban development
89,52,2024-01-01,2024-03-29,Urban Area,Urban development
90,55,2024-01-20,2024-04-22,Urban Area,Urban development
91,46,2024-01-09,2024-04-06,Urban Area,Urban development
92,55,2024-01-25,2024-05-07,Urban Area,Urban development
93,55,2024-01-03,2024-04-11,Urban Area,Urban development
94,42,2023-12-30,2024-04-12,Urban Area,Urban development
95,51,2024-01-09,2024-04-16,Urban Area,Urban development
96,47,2024-01-19,2024-05-07,Urban Area,Urban development
97,42,2024-01-16,2024-04-21,Urban Area,Urban development
98,52,2024-01-12,2024-04-12,Urban Area,Urban development
99,50,2024-01-27,2024-04-04,Urban Area,Urban development
100,56,2024-01-14,2024-04-13,Urban Area,Urban development
101,55,2024-01-18,2024-04-18,Urban Area,Urban development
102,56,2024-01-05,2024-04-14,Urban Area,Urban development
103,46,2024-01-30,2024-04-18,Urban Area,Urban development
104,46,2023-12-21,2024-03-31,Urban Area,Urban development
105,49,2024-01-21,2024-03-31,Urban Area,Urban development
106,45,2024-01-03,2024-04-11,Urban Area,Urban development
107,50,2024-02-04,2024-04-22,Urban Area,Urban development
108,54,2024-01-12,2024-04-14,Urban Area,Urban development
109,46,2024-01-18,2024-04-03,Urban Area,Urban development
110,49,2024-01-08,2024-04-28,Urban Area,Urban development
111,49,2024-01-29,2024-04-22,Urban Area,Urban development
112,53,2024-01-03,2024-04-11,Urban Area,Urban development
113,46,2023-12-21,2024-04-22,Urban Area,Urban development
114,55,2024-01-19,2024-03-30,Urban Area,Urban development
115,41,2024-01-19,2024-04-14,Urban Area,Urban development
116,57,2024-02-07,2024-04-07,Urban Area,Urban development
117,45,2024-01-28,2024-04-18,Urban Area,Urban development
118,60,2024-01-07,2024-04-10,Urban Area,Urban development
119,56,2024-01-03,2024-04-03,Urban Area,Urban development
120,43,2024-01-14,2024-03-29,Urban Area,Urban development
121,65,2024-01-21,2024-01-22,Forest,Forest monitoring
122,77,2024-02-02,2024-02-12,Forest,Forest monitoring
123,75,2024-01-21,2024-01-26,Forest,Forest monitoring
124,73,2024-01-17,2024-02-19,Forest,Forest monitoring
125,71,2023-12-30,2024-02-08,Forest,Forest monitoring
126,80,2023-12-22,2024-01-28,Forest,Forest monitoring
127,76,2023-12-24,2024-02-27,Forest,Forest monitoring
128,68,2024-01-12,2024-03-09,Forest,Forest monitoring
129,80,2024-01-29,2024-02-10,Forest,Forest monitoring
130,71,2024-02-01,2024-03-01,Forest,Forest monitoring
131,72,2024-01-06,2024-02-26,Forest,Forest monitoring
132,63,2023-12-24,2024-02-15,Forest,Forest monitoring
133,77,2024-01-29,2024-02-19,Forest,Forest monitoring
134,66,2024-01-18,2024-03-01,Forest,Forest monitoring
135,66,2024-01-01,2024-02-21,Forest,Forest monitoring
136,78,2024-01-15,2024-02-04,Forest,Forest monitoring
137,65,2024-02-02,2024-02-14,Forest,Forest monitoring
138,74,2024-01-04,2024-02-28,Forest,Forest monitoring
139,66,2024-01-01,2024-02-04,Forest,Forest monitoring
140,68,2023-12-24,2024-02-09,Forest,Forest monitoring
141,66,2024-01-16,2024-02-27,Forest,Forest monitoring
142,70,2024-01-21,2024-02-11,Forest,Forest monitoring
143,68,2024-01-29,2024-02-11,Forest,Forest monitoring
144,68,2024-01-21,2024-02-12,Forest,Forest monitoring
145,64,2024-02-03,2024-02-25,Forest,Forest monitoring
146,64,2024-01-01,2024-02-07,Forest,Forest monitoring
147,64,2024-01-06,2024-02-11,Forest,Forest monitoring
148,64,2024-01-16,2024-02-29,Forest,Forest monitoring
149,61,2024-01-13,2024-03-04,Forest,Forest monitoring
150,74,2024-01-26,2024-03-03,Forest,Forest monitoring
151,68,2024-01-18,2024-02-28,Forest,Forest monitoring
152,65,2024-02-02,2024-02-12,Forest,Forest monitoring
153,63,2024-02-02,2024-02-03,Forest,Forest monitoring
154,75,2023-12-31,2024-02-19,Forest,Forest monitoring
155,65,2024-02-06,2024-02-23,Forest,Forest monitoring
156,62,2024-01-04,2024-02-16,Forest,Forest monitoring
157,64,2024-01-09,2024-02-05,Forest,Forest monitoring
158,72,2024-01-03,2024-03-06,Forest,Forest monitoring
159,70,2024-01-20,2024-02-14,Forest,Forest monitoring
160,65,2024-01-07,2024-03-01,Forest,Forest monitoring
161,94,2024-01-23,2024-05-01,Grassland,Seasonal changes
162,82,2024-01-27,2024-04-11,Grassland,Seasonal changes
163,96,2024-01-18,2024-04-14,Grassland,Seasonal changes
164,91,2024-01-19,2024-03-31,Grassland,Seasonal changes
165,98,2024-01-30,2024-04-15,Grassland,Seasonal changes
166,89,2024-01-19,2024-05-05,Grassland,Seasonal changes
167,97,2024-01-05,2024-05-08,Grassland,Seasonal changes
168,87,2024-01-04,2024-04-17,Grassland,Seasonal changes
169,95,2024-02-07,2024-04-28,Grassland,Seasonal changes
170,85,2023-12-28,2024-04-09,Grassland,Seasonal changes
171,82,2024-01-16,2024-04-17,Grassland,Seasonal changes
172,88,2024-01-30,2024-04-19,Grassland,Seasonal changes
173,82,2024-01-10,2024-04-14,Grassland,Seasonal changes
174,87,2024-02-03,2024-04-17,Grassland,Seasonal changes
175,93,2024-01-16,2024-04-18,Grassland,Seasonal changes
176,100,2024-02-11,2024-04-14,Grassland,Seasonal changes
177,89,2024-01-15,2024-04-01,Grassland,Seasonal changes
178,88,2024-02-03,2024-05-01,Grassland,Seasonal changes
179,87,2024-01-13,2024-04-17,Grassland,Seasonal changes
180,84,2024-02-10,2024-03-31,Grassland,Seasonal changes
181,89,2024-01-03,2024-04-16,Grassland,Seasonal changes
182,92,2024-01-02,2024-04-05,Grassland,Seasonal changes
183,94,2024-01-18,2024-04-15,Grassland,Seasonal changes
184,82,2023-12-29,2024-03-31,Grassland,Seasonal changes
185,93,2024-01-11,2024-04-07,Grassland,Seasonal changes
186,90,2024-01-13,2024-03-24,Grassland,Seasonal changes
187,97,2023-12-23,2024-03-31,Grassland,Seasonal changes
188,86,2024-01-28,2024-04-26,Grassland,Seasonal changes
189,87,2024-01-27,2024-04-20,Grassland,Seasonal changes
190,83,2024-01-01,2024-04-24,Grassland,Seasonal changes
191,82,2024-02-03,2024-04-29,Grassland,Seasonal changes
192,86,2024-01-20,2024-04-13,Grassland,Seasonal changes
193,83,2024-01-13,2024-04-18,Grassland,Seasonal changes
194,81,2023-12-23,2024-03-29,Grassland,Seasonal changes
195,97,2024-01-18,2024-05-04,Grassland,Seasonal changes
196,96,2024-01-24,2024-04-12,Grassland,Seasonal changes
197,90,2024-01-22,2024-04-13,Grassland,Seasonal changes
198,96,2024-01-03,2024-04-25,Grassland,Seasonal changes
199,92,2024-01-07,2024-04-28,Grassland,Seasonal changes
200,100,2024-01-13,2024-04-25,Grassland,Seasonal changes
