strategy,breakout_score,topic_confidence_score,article_title,article_url,source_domain,domain_trust_score,matched_topics,strategy_assignment_reasoning,topic_match_reasoning,article_snippet,source_topic,timestamp,community,tags
Reactor,0.7,0.9,The Country With the Highest Retirement Age in the World Will Surprise You. Here’s How the U.S. Compares,https://www.investopedia.com/country-with-highest-retirement-age-11741440,investopedia.com,1,['Retirement planning'],Strong match for retirement planning with global comparison angle and moderate search volume from related queries like 'retirement planning near me' and 'financial retirement planning'.,Strong match for retirement planning with global comparison angle and moderate search volume from related queries like 'retirement planning near me' and 'financial retirement planning'.,"Libya has the highest official retirement age in the world, and Denmark will soon join it. The United States isn't too far off and stands to...",Retirement planning,2025-07-30T14:14:53,B2C,"retirement, finance"
Reactor,0.7,0.8,The Rule of Retirement Inversion,https://www.kiplinger.com/retirement/retirement-planning/rule-of-retirement-inversion,kiplinger.com,1,['Retirement planning'],Clear retirement planning content with strategic approach but standard related queries suggest moderate rather than high breakout potential.,Clear retirement planning content with strategic approach but standard related queries suggest moderate rather than high breakout potential.,"The rule of retirement inversion says that to have a great retirement, you must ask yourself what would ruin a great retirement — and then plan to avoid it.",Retirement planning,2025-07-30T14:14:53,B2C,"retirement, finance"
Reactor,0.6,0.9,"Retirement Planning: News, Features, Analysis",https://www.kiplinger.com/retirement/retirement-planning,kiplinger.com,1,['Retirement planning'],Perfect match for retirement planning as a news hub but generic nature and broad related queries indicate steady rather than explosive interest.,Perfect match for retirement planning as a news hub but generic nature and broad related queries indicate steady rather than explosive interest.,"News, insights and expert analysis on retirement planning from the team at Kiplinger.",Retirement planning,2025-07-30T14:14:53,B2C,"retirement, finance"
Sniper,0.8,0.9,The 10 worst U.S. states to retire—6 are in the South,https://www.cnbc.com/2025/07/26/worst-us-states-to-retire-bankrate.html,cnbc.com,1,['Best states retire'],Excellent match for best states to retire topic with high breakout potential given the specific 2025-focused queries and strong search volume for state retirement rankings.,Excellent match for best states to retire topic with high breakout potential given the specific 2025-focused queries and strong search volume for state retirement rankings.,"Factors like affordability and weather may make these states unattractive to retirees, but they could be right for you based on your...",Best states retire,2025-07-30T14:15:12,B2C,"retirement, finance"
Sniper,0.8,0.9,The best states to retire for taxes,https://www.fidelity.com/learning-center/personal-finance/best-states-to-retire-for-taxes,fidelity.com,1,['Best states retire'],Strong match for best states retire with tax angle and high breakout score from trending queries like 'best states to retire in 2025' indicating immediate relevance.,Strong match for best states retire with tax angle and high breakout score from trending queries like 'best states to retire in 2025' indicating immediate relevance.,"What are the best states to retire for taxes on retirement withdrawals? Nine states have no income tax. These are Alaska, Florida, Nevada, New...",Best states retire,2025-07-30T14:15:12,B2C,"retirement, finance"
Reactor,0.6,0.8,Want To Retire at 65? See if You Can Answer These Five ...,https://www.kiplinger.com/retirement/happy-retirement/want-to-retire-at-65-see-if-you-can-answer-these-five-questions,kiplinger.com,1,['Retirement income'],Good match for retirement income topic with practical focus but related queries show steady rather than explosive search interest.,Good match for retirement income topic with practical focus but related queries show steady rather than explosive search interest.,"If your retirement income comes from a traditional 401(k) or IRA, pension, annuity, short-term capital gains, bond income, or non-qualified dividends, it will ...",Retirement income,2025-07-30T14:15:31,B2C,"retirement, finance"
Reactor,0.6,0.9,How annuities can help retirees spend more confidently,https://www.fidelity.com/learning-center/personal-finance/annuities-retirement-income-spending,fidelity.com,1,['Retirement income'],Strong match for retirement income with annuities focus but related queries suggest consistent moderate interest rather than breakout potential.,Strong match for retirement income with annuities focus but related queries suggest consistent moderate interest rather than breakout potential.,"Annuities can provide a steady stream of guaranteed income, potentially helping retirees feel more secure about their financial futures.",Retirement income,2025-07-30T14:15:31,B2C,"retirement, finance"
Reactor,0.5,0.7,The Smartest Retirement Step I'm Taking in My 30s—And ...,https://www.investopedia.com/the-smartest-retirement-step-im-taking-in-my-30s-and-you-can-too-11781521,investopedia.com,1,['Retirement income'],Moderate match for retirement income with 30s planning angle but related queries indicate stable search volume without significant breakout momentum.,Moderate match for retirement income with 30s planning angle but related queries indicate stable search volume without significant breakout momentum.,"Let's say you're 35 and make $100,000 per year. You contribute 4.6% of your salary ($4,600) to your 401(k). You have already saved $20,000 for retirement in ...",Retirement income,2025-07-30T14:15:31,B2C,"retirement, finance"
Reactor,0.7,0.9,Retirement,https://smartasset.com/retirement/articles,smartasset.com,1,['Retirement income'],Strong match for retirement income with Social Security focus and moderate breakout potential from queries like 'social security retirement'.,Strong match for retirement income with Social Security focus and moderate breakout potential from queries like 'social security retirement'.,"July 29, 2025 Knowing what the average Social Security check is at age 64 can help you decide when to retire and create a plan for your income in retirement.",Retirement income,2025-07-30T14:15:31,B2C,"retirement, finance"
Reactor,0.5,0.9,Georgia Inheritance Laws: What You Should Know,https://smartasset.com/estate-planning/georgia-inheritance-laws,smartasset.com,1,['Inheritance'],Perfect match for inheritance topic with Georgia-specific laws but related queries suggest steady interest without major breakout indicators.,Perfect match for inheritance topic with Georgia-specific laws but related queries suggest steady interest without major breakout indicators.,"In this detailed guide of Georgia inheritance laws, we break down intestate succession, probate, taxes, what makes a will valid and more.",Inheritance,2025-07-30T14:15:48,B2C,"retirement, finance"
Reactor,0.7,1,Estate and inheritance tax,https://www.bogleheads.org/wiki/Estate_and_inheritance_tax,bogleheads.org,1,['Inheritance'],Direct match on inheritance tax content with moderate search interest including trending queries like 'inheritance 2025'.,Direct match on inheritance tax content with moderate search interest including trending queries like 'inheritance 2025'.,"An inheritance tax is assessed on inherited assets and payable by the heirs. There is no federal inheritance tax, only a federal estate tax. At the state level, ...",Inheritance,2025-07-30T14:15:48,B2C,"retirement, finance"
Sniper,0.8,1,A Matter Of Time: Estate Planning And Watch Collecting,https://www.forbes.com/sites/matthewerskine/2025/07/24/a-matter-of-time-estate-planning-and-watch-collecting/,forbes.com,1,['Estate planning'],Perfect match on estate planning topic with high-value professional service queries indicating strong commercial intent.,Perfect match on estate planning topic with high-value professional service queries indicating strong commercial intent.,"Watches continue to hold significant financial and sentimental value, and may be one of the best performing investments in the years to...",Estate planning,2025-07-30T14:16:12,B2C,"retirement, finance"
Reactor,0.6,1,The Retirement Metric That Matters More Than Your 401(k) ...,https://www.investopedia.com/most-important-retirement-number-11776104,investopedia.com,1,['401k'],Clear 401k content match with solid but not exceptional search momentum in related retirement planning queries.,Clear 401k content match with solid but not exceptional search momentum in related retirement planning queries.,Withdrawals made from a 401(k) or traditional IRA are taxed as income at your tax bracket at the time of the withdrawal. The Replacement Ratio You Actually Need.,401k,2025-07-30T14:16:29,B2C,"retirement, finance"
Reactor,0.7,1,What to Consider Before Rolling Your 401(k) into a Roth IRA,https://www.kiplinger.com/retirement/roth-iras/what-to-consider-before-rolling-your-401k-into-a-roth-ira,kiplinger.com,1,['IRA'],Strong IRA topic match with good search interest across Roth and traditional IRA conversion queries.,Strong IRA topic match with good search interest across Roth and traditional IRA conversion queries.,"Converting at least some of an old 401(k) to a Roth IRA can offer long-term tax benefits and flexibility, especially if you anticipate a higher tax bracket.",IRA,2025-07-30T14:16:52,B2C,"retirement, finance"
Sniper,0.8,1,Roth IRA vs. brokerage account: What's the difference?,https://www.fidelity.com/learning-center/smart-money/roth-ira-vs-brokerage-account,fidelity.com,1,['Roth IRA'],Perfect Roth IRA match with high search volume and specific actionable queries like contribution limits and comparisons.,Perfect Roth IRA match with high search volume and specific actionable queries like contribution limits and comparisons.,Roth IRAs and brokerage accounts could be great ways to help hit different financial goals. Here's how.,Roth IRA,2025-07-30T14:17:07,B2C,"retirement, finance"
Sniper,0.8,1,You Can Day Trade With Your Roth IRA and Beat the Tax Man—Here's What You Need to Know,https://www.investopedia.com/you-can-day-trade-with-your-roth-ira-and-beat-the-tax-man-here-s-what-you-need-to-know-11749347,investopedia.com,1,['Roth IRA'],Strong Roth IRA content with specialized day trading angle and high search interest in Roth-related queries.,Strong Roth IRA content with specialized day trading angle and high search interest in Roth-related queries.,"It is possible to day trade with Roth IRA funds and avoid tax on earnings, but you'll face extreme limitations that make it hard to...",Roth IRA,2025-07-30T14:17:07,B2C,"retirement, finance"
Sniper,0.8,1,These 3 robo-advisors will match your IRA contribution up to 3%,https://www.cnbc.com/select/roboadvisors-offer-ira-match/,cnbc.com,1,['Roth IRA'],Direct Roth IRA topic match with trending robo-advisor angle and strong search momentum in IRA contribution queries.,Direct Roth IRA topic match with trending robo-advisor angle and strong search momentum in IRA contribution queries.,Robo-advisors are going beyond the typical welcome bonus for new account holders — you can now earn a match on your IRA contributions up to 3...,Roth IRA,2025-07-30T14:17:07,B2C,"retirement, finance"
Sniper,0.8,1,Retirement Tax Bombs: Roth Conversions May Cut the ...,https://www.kiplinger.com/retirement/roth-iras/retirement-tax-bombs-how-roth-conversions-may-cut-the-blue-wire,kiplinger.com,1,['Roth IRA'],Perfect Roth conversion content match with high-value tax strategy focus and strong related search interest.,Perfect Roth conversion content match with high-value tax strategy focus and strong related search interest.,"By converting tax-deferred accounts to a Roth IRA, you enjoy tax-free growth, avoid taxes on withdrawals, avoid RMDs, and may be able to prevent your heirs from ...",Roth IRA,2025-07-30T14:17:07,B2C,"retirement, finance"
Reactor,0.6,1,A $520 Billion Retirement System Comes Under Fire in Western Canada,https://www.bloomberg.com/news/articles/2025-07-29/alberta-eyes-pension-split-from-canada-in-push-for-autonomy,bloomberg.com,1,['Pension'],Clear pension topic match but Canadian-specific content with moderate search interest in general pension queries.,Clear pension topic match but Canadian-specific content with moderate search interest in general pension queries.,"In the span of eight months, the pension manager for Canada's wealthiest province fired its entire board, shuttered new offices in Singapore...",Pension,2025-07-30T14:17:22,B2C,"retirement, finance"
Monitor,0.2,1,How to Avoid Outliving Your Retirement Savings? It’s All in the Sequence,https://www.morningstar.com/retirement/how-avoid-outliving-your-retirement-savings-its-all-sequence,morningstar.com,1,['Investment safety retirees'],Matches investment safety for retirees topic but lacks related search queries indicating limited search momentum.,Matches investment safety for retirees topic but lacks related search queries indicating limited search momentum.,Retirees who avoid investment losses in the first five years of retirement are much less likely to outlive their savings.,Investment safety retirees,2025-07-30T14:17:38,B2C,"retirement, finance"
Monitor,0,0.9,3 strategies to keep your money safe amid market volatility,https://www.cnbc.com/2025/04/07/strategies-to-keep-your-money-safe-amid-market-volatility.html,cnbc.com,1,['Investment safety retirees'],"Strong match for investment safety content targeting retirees with market volatility focus, but no related queries data limits trending assessment.","Strong match for investment safety content targeting retirees with market volatility focus, but no related queries data limits trending assessment.",Many investors are wondering how to keep their money safe. Financial advisors suggest strategies to manage through the market volatility.,Investment safety retirees,2025-07-30T14:17:38,B2C,"retirement, finance"
Monitor,0,0.85,8 Investments That Can Generate Monthly Income,https://smartasset.com/estate-planning/8-best-investments-to-generate-monthly-income,smartasset.com,1,['Investment safety retirees'],"Monthly income investments clearly target retirees seeking safe income generation, but lacks trending query data for higher strategy rating.","Monthly income investments clearly target retirees seeking safe income generation, but lacks trending query data for higher strategy rating.","Options include savings accounts, certificates of deposit, annuities, bonds, dividend stocks, rental real estate and more.",Investment safety retirees,2025-07-30T14:17:38,B2C,"retirement, finance"
Monitor,0,0.9,Protect Your Retirement Income from Inflation,https://www.kiplinger.com/personal-finance/inflation/605175/protect-your-retirement-income-from-inflation,kiplinger.com,1,['Investment safety retirees'],"Directly addresses retirement income protection from inflation, perfectly matching target topic but no trending indicators available.","Directly addresses retirement income protection from inflation, perfectly matching target topic but no trending indicators available.",Inflation is finally flattening out after setting post-pandemic records. But this lower inflationary environment may not last if incoming...,Investment safety retirees,2025-07-30T14:17:38,B2C,"retirement, finance"
Monitor,0,0.8,8 Money Moves to Make Before You Retire,https://www.aarp.org/money/retirement/financial-steps-before-you-retire/,aarp.org,1,['Investment safety retirees'],"Pre-retirement financial planning content fits target audience well, though broader scope reduces confidence and no trending data available.","Pre-retirement financial planning content fits target audience well, though broader scope reduces confidence and no trending data available.","In your final months at work, review your savings, take advantage of workplace benefits, pay off debt and make other financial moves for retirement.",Investment safety retirees,2025-07-30T14:17:38,B2C,"retirement, finance"
Monitor,0,0.9,I Want to Retire Next Year. Should I Keep My Money In the ...,"https://www.kiplinger.com/investing/i-want-to-retire-next-year-should-i-keep-my-money-in-the-stock-and-bond-markets#:~:text=If%20you're%20retiring%20at,to%20120%20minus%20your%20age.",kiplinger.com,1,['Investment safety retirees'],"Retirement-specific asset allocation advice perfectly matches investment safety for retirees topic, but no trending queries to elevate strategy.","Retirement-specific asset allocation advice perfectly matches investment safety for retirees topic, but no trending queries to elevate strategy.","If you're retiring at 65, you should have 35% invested in stocks and 65% invested in bonds or cash. With life expectancies getting longer, 120 minus your age has become a common rule, as well. It might be best to think of it as a range of 100 to 120 minus your age.",Investment safety retirees,2025-07-30T14:17:38,B2C,"retirement, finance"
Monitor,0,0.95,What Is the Average Social Security Check at Age 70?,https://smartasset.com/retirement/average-social-security-check-at-age-70,smartasset.com,1,['Delayed retirement'],"Social Security benefits at age 70 directly addresses delayed retirement strategy with high relevance, but no trending data available.","Social Security benefits at age 70 directly addresses delayed retirement strategy with high relevance, but no trending data available.","If you wait until age 70 to begin receiving Social Security, you can benefit from delayed retirement credits. Here's the average.",Delayed retirement,2025-07-30T14:18:33,B2C,"retirement, finance"
Monitor,0.2,0,Trump says Friday tariff deadline 'will not be extended',https://www.cnbc.com/2025/07/30/trump-trade-august-tariff-deadline.html,cnbc.com,1,[],"Political tariff content doesn't match estate planning topics, and related queries show general 'will' searches unrelated to estate planning.","Political tariff content doesn't match estate planning topics, and related queries show general 'will' searches unrelated to estate planning.","President Donald Trump said that he will not extend the deadline for his ""reciprocal"" tariffs on dozens of countries to restart.",Will,2025-07-30T14:18:50,HYBRID,"retirement, finance"
Monitor,0.4,0.3,Blackstone Scraps Mortgage Trust Call After Deadly NYC Shooting,https://www.bloomberg.com/news/articles/2025-07-30/blackstone-scraps-mortgage-trust-call-after-deadly-nyc-shooting,bloomberg.com,1,['Trust'],"Mentions mortgage trust but focuses on corporate news rather than estate planning trusts, with related queries showing mixed trust-related interest.","Mentions mortgage trust but focuses on corporate news rather than estate planning trusts, with related queries showing mixed trust-related interest.",Blackstone Inc. canceled an earnings call for a mortgage trust after one of its top real estate executives was killed in Monday's shooting...,Trust,2025-07-30T14:19:09,B2B,"retirement, finance"
Sniper,0.8,0.95,6 Key Alternative Investments to Consider for Your Legacy Plan,https://www.investopedia.com/alternative-investments-for-your-legecy-plan-11727493,investopedia.com,1,['Legacy planning'],"Perfect match for legacy planning with alternative investments focus, and related queries show strong specific interest in legacy planning topics.","Perfect match for legacy planning with alternative investments focus, and related queries show strong specific interest in legacy planning topics.","Alternative investments such as private equity, real estate, hedge funds, fine art, collectibles, and commodities offer opportunities for growth...",Legacy planning,2025-07-30T14:19:43,B2C,"retirement, finance"
Monitor,0,0,Entrepreneurs,https://www.forbes.com/entrepreneurs/,forbes.com,1,[],Generic entrepreneurs content doesn't specifically address senior entrepreneurship and lacks any trending query data.,Generic entrepreneurs content doesn't specifically address senior entrepreneurship and lacks any trending query data.,Forbes is a leading source for reliable news and updated analysis on Entrepreneurs. Read the breaking Entrepreneurs coverage and top headlines on ...,Senior entrepreneurship,2025-07-30T14:20:35,HYBRID,"retirement, finance"
Monitor,0.3,0.95,The Best Places To Retire Abroad In 2025,https://www.forbes.com/sites/williampbarrett/2025/07/19/the-best-places-to-retire-abroad-in-2025/,forbes.com,1,['Expat retirement'],"Strong match for expat retirement topic with clear focus on retiring abroad, but lacks Google Trends data to indicate significant search momentum.","Strong match for expat retirement topic with clear focus on retiring abroad, but lacks Google Trends data to indicate significant search momentum.","More Americans are retiring abroad in search of lower costs and less toxic politics. Here are recommended spots around the world,...",Expat retirement,2025-07-30T14:22:10,B2C,"retirement, finance"
Monitor,0.3,0.9,Retiring Abroad? Make Plans for Handling Your Money,https://www.aarp.org/money/retirement/retiring-abroad-money-plans/,aarp.org,1,['Expat retirement'],"Excellent match for expat retirement focusing on financial logistics, but no related queries suggest limited current search interest.","Excellent match for expat retirement focusing on financial logistics, but no related queries suggest limited current search interest.","The financial logistics for retiring abroad can be complex. There are many things to consider like tax, banking and health care factors.",Expat retirement,2025-07-30T14:22:10,B2C,"retirement, finance"
Monitor,0.3,0.85,Retire in Malaysia for Affordable Luxury,https://www.kiplinger.com/retirement/where-to-retire-malaysia,kiplinger.com,1,['Expat retirement'],"Good match for expat retirement with specific Malaysia focus, but absence of related queries indicates low search momentum.","Good match for expat retirement with specific Malaysia focus, but absence of related queries indicates low search momentum.","Many expats retire in Malaysia, a Southeast Asian country with a world-class city. Come for the affordable living, stay for the top-notch...",Expat retirement,2025-07-30T14:22:10,B2C,"retirement, finance"
Monitor,0.3,0.8,3 Overseas Havens Where Retirees Can Live Rich On ...,https://www.forbes.com/sites/kathleenpeddicord/2025/07/27/3-havens-where-retirees-can-live-rich-on-social-security/,forbes.com,1,['Expat retirement'],"Matches expat retirement theme of overseas living for financial benefits, but lacks trending query data for higher engagement potential.","Matches expat retirement theme of overseas living for financial benefits, but lacks trending query data for higher engagement potential.","If you're looking for a way to stretch your retirement income, consider these",Expat retirement,2025-07-30T14:22:10,B2C,"retirement, finance"
Monitor,0.3,0.75,One in Three Americans Eyeing Cheaper Retirement ...,https://www.investopedia.com/americans-eyeing-cheaper-retirement-overseas-11741204,investopedia.com,1,['Expat retirement'],"Partial match for expat retirement based on Americans seeking cheaper retirement abroad, but incomplete snippet and no related queries limit assessment.","Partial match for expat retirement based on Americans seeking cheaper retirement abroad, but incomplete snippet and no related queries limit assessment.",U.S. citizens,Expat retirement,2025-07-30T14:22:10,B2C,"retirement, finance"
Reactor,0.7,0.95,Tax-savvy withdrawals in retirement,https://www.fidelity.com/viewpoints/retirement/tax-savvy-withdrawals,fidelity.com,1,['Tax planning retirement'],Perfect match for tax planning retirement with strong related queries indicating active search interest around retirement withdrawal strategies.,Perfect match for tax planning retirement with strong related queries indicating active search interest around retirement withdrawal strategies.,"Whether you're withdrawing from an IRA or 401(k), you may consider these retirement withdrawal strategies.",Tax planning retirement,2025-07-30T14:22:27,B2C,"retirement, finance"
Reactor,0.7,0.9,What the New Tax Laws Mean for Your Retirement Plan,https://www.morningstar.com/retirement/what-new-tax-laws-mean-your-retirement-plan,morningstar.com,1,['Tax planning retirement'],"Strong match covering new tax laws and retirement implications, with related queries showing sustained interest in retirement tax planning.","Strong match covering new tax laws and retirement implications, with related queries showing sustained interest in retirement tax planning.","Assessing the new over-65 deduction and its implications for Social Security taxation, as well as new rules for charitable giving and the...",Tax planning retirement,2025-07-30T14:22:27,B2C,"retirement, finance"
Reactor,0.7,0.85,Seven Financial Considerations When Downsizing for Retirement,https://www.kiplinger.com/retirement/retirement-planning/financial-considerations-when-downsizing-for-retirement,kiplinger.com,1,['Tax planning retirement'],"Good match connecting downsizing and tax considerations for retirement, supported by related queries indicating search momentum in this area.","Good match connecting downsizing and tax considerations for retirement, supported by related queries indicating search momentum in this area.","With prices going up on everything, you may be looking for a cheaper place to live. To truly evaluate costs, take a hard look at taxes and...",Tax planning retirement,2025-07-30T14:22:27,B2C,"retirement, finance"
Reactor,0.7,0.9,Trump Tax Plan: Will Social Security Taxes Get Cut?,https://smartasset.com/taxes/trump-no-tax-on-social-security,smartasset.com,1,['Tax planning retirement'],"Strong match for tax planning retirement with timely Trump tax plan content, backed by related queries showing active search interest.","Strong match for tax planning retirement with timely Trump tax plan content, backed by related queries showing active search interest.",Trump's One Big Beautiful Act offers a temporary $6000 tax deduction for seniors aged 65 and older. Here's what you need to know.,Tax planning retirement,2025-07-30T14:22:27,B2C,"retirement, finance"
Reactor,0.7,0.85,Is Your Pension Considered Earned Income? Tax Planning ...,https://smartasset.com/retirement/is-your-pension-considered-earned-income-tax-planning-rules,smartasset.com,1,['Tax planning retirement'],"Good match addressing pension income tax classification for retirement planning, with related queries supporting moderate search momentum.","Good match addressing pension income tax classification for retirement planning, with related queries supporting moderate search momentum.","Pension income is generally not classified as earned income for tax purposes. Earned income primarily consists of wages, salaries and tips.",Tax planning retirement,2025-07-30T14:22:27,B2C,"retirement, finance"
Sniper,0.85,0.95,AARP Advocates for Fair Treatment of Older Workers,https://www.aarp.org/advocacy/fighting-age-discrimination-in-workforce-2025/,aarp.org,1,['Age discrimination'],Strong match on age discrimination topic with high-volume legal queries indicating active search interest for actionable content.,Strong match on age discrimination topic with high-volume legal queries indicating active search interest for actionable content.,Workers 75 and older are the fastest-growing age group in the workforce. AARP urges Congress to pass legislation to keep age discrimination...,Age discrimination,2025-07-30T14:22:47,B2C,"retirement, finance"
Sniper,0.85,0.85,Workplace Ageism Is Hurting Employees And Businesses Alike,https://www.forbes.com/sites/lizelting/2025/01/30/workplace-ageism-is-hurting-employees-and-businesses-alike/,forbes.com,1,['Age discrimination'],Clear age discrimination focus from authoritative source with identical high-interest legal search queries suggesting strong content opportunity.,Clear age discrimination focus from authoritative source with identical high-interest legal search queries suggesting strong content opportunity.,"Research reveals that workers of all ages face ageism and age discrimination in today's workplace, and it's holding businesses and employees...",Age discrimination,2025-07-30T14:22:47,HYBRID,"retirement, finance"
Monitor,0,0.85,You May Not Want to Downsize in Retirement: Here's Why,https://www.kiplinger.com/retirement/retirement-planning/you-may-not-want-to-downsize-in-retirement-heres-why,kiplinger.com,1,['Downsizing retirement'],Perfect topic match on retirement downsizing but lacks related search queries indicating limited current search momentum.,Perfect topic match on retirement downsizing but lacks related search queries indicating limited current search momentum.,"If your children have grown and live far away, downsizing could create financial and logistical challenges that prevent them from visiting as...",Downsizing retirement,2025-07-30T14:23:01,B2C,"retirement, finance"
Monitor,0,0.9,Is Now a Bad Time to Downsize?,https://www.aarp.org/money/personal-finance/downsize-home-in-retirement.html,aarp.org,1,['Downsizing retirement'],Strong downsizing retirement match with clear financial focus but no trending queries suggest low immediate search interest.,Strong downsizing retirement match with clear financial focus but no trending queries suggest low immediate search interest.,"Downsizing to a smaller home, condominium or apartment shortly before or in retirement can reduce your housing costs, free up cash and lessen the burden of ...",Downsizing retirement,2025-07-30T14:23:01,B2C,"retirement, finance"
Monitor,0,0.95,4 Ways To Downsize After Retirement - Forbes,"https://www.forbes.com/sites/jannfreed/2025/07/28/4-ways-to-downsize-after-retirement/#:~:text=After%20people%20retire%2C%20they%20often,have%20to%20do%20it%20later.",forbes.com,1,['Downsizing retirement'],Excellent topic alignment covering practical downsizing advice but absence of related queries indicates minimal trending search activity.,Excellent topic alignment covering practical downsizing advice but absence of related queries indicates minimal trending search activity.,"After people retire, they often think about downsizing—moving to a smaller place. This involves disposing, selling, or donating household items. Since accumulation can be a burden, engaging in downsizing requires us to do the work so that others (often adult children) don't have to do it later.",Downsizing retirement,2025-07-30T14:23:01,B2C,"retirement, finance"